[
    {
        "Symbol": "IF000",
        "Method": "OpenInterest",
        "Emits": [
            "IF1802",
            "IF1806"
        ],
        "Legs": {
            "IF1802": 1.0,
            "IF1803": 1.0,
            "IF1806": 1.0,
            "IF1809": 1.0
        }
    },
    {
        "Symbol": "IF_WI",
        "Method": "Weight",
        "Emits": [
            "IF1802"
        ],
        "Legs": {
            "IF1802": 0.25,
            "IF1803": 0.25,
            "IF1806": 0.25,
            "IF1809": 0.25
        }
    },
    {
        "Symbol": "IF_IH_1803",
        "Method": "Spread",
        "Emits": [
            "IF1803"
        ],
        "Legs": {
            "IF1803": 1.0,
            "IH1803": -1.2
        }
    },
    {
        "Symbol": "IF888",
        "Method": "Copy",
        "Emits": [
            "IF1802"
        ],
        "Legs": {
            "IF1802": 1.0
        }
    }
]